blog file name,post date,url
"15000-sqft-frontier-dubais-new-era-mega-mansions.md","2026-12-16","https://regalheights.co.uk/posts/15000-sqft-frontier-dubais-new-era-mega-mansions/"
"a-day-in-the-life-relocating-to-nw-london-regal-heights.md","2027-06-09","https://regalheights.co.uk/posts/a-day-in-the-life-relocating-to-nw-london-regal-heights/"
"appeal-private-yacht-berths-dubai-signature-estates.md","2027-04-21","https://regalheights.co.uk/posts/appeal-private-yacht-berths-dubai-signature-estates/"
"art-of-the-off-market-deal-trophy-assets.md","2027-02-10","https://regalheights.co.uk/posts/art-of-the-off-market-deal-trophy-assets/"
"best-transport-links-royal-victoria-london.md","2026-07-17","https://regalheights.co.uk/posts/best-transport-links-royal-victoria-london/"
"bleisure-travel-london-business-excel-weekend-leisure.md","2026-09-04","https://regalheights.co.uk/posts/bleisure-travel-london-business-excel-weekend-leisure/"
"booking-london-holiday-stay-secure-apartment-now.md","2026-10-09","https://regalheights.co.uk/posts/booking-london-holiday-stay-secure-apartment-now/"
"choose-perfect-serviced-apartment-family-trips-london.md","2026-05-29","https://regalheights.co.uk/posts/choose-perfect-serviced-apartment-family-trips-london/"
"concierge-difference-bespoke-requests-luxury-short-lets.md","2027-02-03","https://regalheights.co.uk/posts/concierge-difference-bespoke-requests-luxury-short-lets/"
"corporate-retreats-london-balancing-work-wellness.md","2027-03-17","https://regalheights.co.uk/posts/corporate-retreats-london-balancing-work-wellness/"
"cross-border-property-tax-hnwis-2027.md","2026-12-30","https://regalheights.co.uk/posts/cross-border-property-tax-hnwis-2027/"
"curating-high-yield-international-property-portfolio-2026.md","2026-06-26","https://regalheights.co.uk/posts/curating-high-yield-international-property-portfolio-2026/"
"currency-arbitrage-luxury-real-estate-exchange-rates.md","2027-03-24","https://regalheights.co.uk/posts/currency-arbitrage-luxury-real-estate-exchange-rates/"
"direct-booking-advantage-luxury-london-short-stays.md","2026-04-17","https://regalheights.co.uk/posts/direct-booking-advantage-luxury-london-short-stays/"
"dubai-vs-london-anchor-real-estate-portfolio.md","2027-01-06","https://regalheights.co.uk/posts/dubai-vs-london-anchor-real-estate-portfolio/"
"dubais-branded-residences-turnkey-solution-global-investors.md","2027-03-31","https://regalheights.co.uk/posts/dubais-branded-residences-turnkey-solution-global-investors/"
"east-london-new-hub-corporate-housing.md","2026-07-03","https://regalheights.co.uk/posts/east-london-new-hub-corporate-housing/"
"emerging-markets-global-luxury-real-estate-2026.md","2026-08-21","https://regalheights.co.uk/posts/emerging-markets-global-luxury-real-estate-2026/"
"excel-london-2027-trade-shows-royal-victoria.md","2027-01-13","https://regalheights.co.uk/posts/excel-london-2027-trade-shows-royal-victoria/"
"exploring-royal-docks-spring-2027-neighborhood-guide.md","2027-02-24","https://regalheights.co.uk/posts/exploring-royal-docks-spring-2027-neighborhood-guide/"
"family-offices-real-estate-diversification-strategies-2027.md","2027-03-03","https://regalheights.co.uk/posts/family-offices-real-estate-diversification-strategies-2027/"
"global-property-acquisitions-legal-tax-considerations.md","2026-07-31","https://regalheights.co.uk/posts/global-property-acquisitions-legal-tax-considerations/"
"golden-visas-property-investment-dubai-strategy.md","2027-03-10","https://regalheights.co.uk/posts/golden-visas-property-investment-dubai-strategy/"
"hidden-costs-airbnb-luxury-corporate-travel.md","2027-04-07","https://regalheights.co.uk/posts/hidden-costs-airbnb-luxury-corporate-travel/"
"how-direct-advantage-saves-companies-thousands-travel.md","2026-11-11","https://regalheights.co.uk/posts/how-direct-advantage-saves-companies-thousands-travel/"
"inside-10000-sqft-signature-estates-palm-jebel-ali.md","2026-08-28","https://regalheights.co.uk/posts/inside-10000-sqft-signature-estates-palm-jebel-ali/"
"integration-smart-tech-dubais-ultra-luxury-villas.md","2027-02-17","https://regalheights.co.uk/posts/integration-smart-tech-dubais-ultra-luxury-villas/"
"investing-in-dubai-high-yield-returns-palm-jebel-ali.md","2026-05-08","https://regalheights.co.uk/posts/investing-in-dubai-high-yield-returns-palm-jebel-ali/"
"living-like-a-local-nw-london-chalkhill-road-guide.md","2026-06-19","https://regalheights.co.uk/posts/living-like-a-local-nw-london-chalkhill-road-guide/"
"london-designer-outlet-guide-shopping-staying-wembley.md","2026-08-07","https://regalheights.co.uk/posts/london-designer-outlet-guide-shopping-staying-wembley/"
"london-mayfair-vs-paris-8th-arrondissement-yield-comparison.md","2026-11-18","https://regalheights.co.uk/posts/london-mayfair-vs-paris-8th-arrondissement-yield-comparison/"
"luxury-amenities-premium-serviced-apartment.md","2026-08-14","https://regalheights.co.uk/posts/luxury-amenities-premium-serviced-apartment/"
"maximizing-roi-dubai-off-plan-luxury-developments.md","2027-06-02","https://regalheights.co.uk/posts/maximizing-roi-dubai-off-plan-luxury-developments/"
"navigating-overseas-mortgages-high-value-property-acquisitions.md","2027-05-05","https://regalheights.co.uk/posts/navigating-overseas-mortgages-high-value-property-acquisitions/"
"navigating-ultra-prime-real-estate-market-buyers-advisory.md","2026-05-22","https://regalheights.co.uk/posts/navigating-ultra-prime-real-estate-market-buyers-advisory/"
"networking-excel-london-best-places-dine-meet.md","2026-06-05","https://regalheights.co.uk/posts/networking-excel-london-best-places-dine-meet/"
"off-market-global-properties-investment-advisory.md","2026-03-27","https://regalheights.co.uk/posts/off-market-global-properties-investment-advisory/"
"palm-jebel-ali-2027-update-maturation.md","2026-11-04","https://regalheights.co.uk/posts/palm-jebel-ali-2027-update-maturation/"
"palm-jebel-ali-dubai-waterfront-estates.md","2026-04-10","https://regalheights.co.uk/posts/palm-jebel-ali-dubai-waterfront-estates/"
"palm-jebel-ali-waterfront-villas-architecture.md","2026-06-12","https://regalheights.co.uk/posts/palm-jebel-ali-waterfront-villas-architecture/"
"relocating-to-london-luxury-short-term-housing-checklist.md","2026-07-10","https://regalheights.co.uk/posts/relocating-to-london-luxury-short-term-housing-checklist/"
"request-evaluate-live-video-walkthrough-booking-rental.md","2026-09-11","https://regalheights.co.uk/posts/request-evaluate-live-video-walkthrough-booking-rental/"
"resurgence-european-heritage-estates-2027.md","2027-05-26","https://regalheights.co.uk/posts/resurgence-european-heritage-estates-2027/"
"rise-3-bedroom-serviced-apartment-relocating-executives.md","2026-12-02","https://regalheights.co.uk/posts/rise-3-bedroom-serviced-apartment-relocating-executives/"
"rise-branded-residences-global-luxury-market.md","2026-12-09","https://regalheights.co.uk/posts/rise-branded-residences-global-luxury-market/"
"royal-victoria-dock-guide-excel-london-after-hours.md","2026-04-24","https://regalheights.co.uk/posts/royal-victoria-dock-guide-excel-london-after-hours/"
"serviced-apartments-vs-hotels-extended-business-trips.md","2026-05-01","https://regalheights.co.uk/posts/serviced-apartments-vs-hotels-extended-business-trips/"
"singapores-ultra-prime-market-tech-billionaires.md","2027-01-20","https://regalheights.co.uk/posts/singapores-ultra-prime-market-tech-billionaires/"
"summer-london-securing-waterfront-apartments-near-excel.md","2027-04-28","https://regalheights.co.uk/posts/summer-london-securing-waterfront-apartments-near-excel/"
"top-waterfront-apartments-london-city-airport.md","2026-05-15","https://regalheights.co.uk/posts/top-waterfront-apartments-london-city-airport/"
"ultimate-guide-corporate-short-lets-excel-london.md","2026-03-20","https://regalheights.co.uk/posts/ultimate-guide-corporate-short-lets-excel-london/"
"value-discretion-luxury-property-introductions.md","2026-09-25","https://regalheights.co.uk/posts/value-discretion-luxury-property-introductions/"
"waterfront-estates-dubai-palm-jebel-ali-investment.md","2026-07-24","https://regalheights.co.uk/posts/waterfront-estates-dubai-palm-jebel-ali-investment/"
"waterfront-scarcity-palm-jebel-ali-villas.md","2027-01-27","https://regalheights.co.uk/posts/waterfront-scarcity-palm-jebel-ali-villas/"
"wealth-preservation-2027-ultra-prime-real-estate.md","2026-10-28","https://regalheights.co.uk/posts/wealth-preservation-2027-ultra-prime-real-estate/"
"wembley-2027-planning-event-accommodation-early.md","2026-12-23","https://regalheights.co.uk/posts/wembley-2027-planning-event-accommodation-early/"
"wembley-events-2026-serviced-apartments-vs-hotels.md","2026-04-03","https://regalheights.co.uk/posts/wembley-events-2026-serviced-apartments-vs-hotels/"
"why-direct-communication-short-let-host-matters.md","2026-09-18","https://regalheights.co.uk/posts/why-direct-communication-short-let-host-matters/"
"why-european-expats-driving-dubai-ultra-prime-market.md","2027-05-12","https://regalheights.co.uk/posts/why-european-expats-driving-dubai-ultra-prime-market/"
"why-high-speed-transit-number-1-amenity-london-business-trips.md","2027-05-19","https://regalheights.co.uk/posts/why-high-speed-transit-number-1-amenity-london-business-trips/"
"why-palm-jebel-ali-villas-offer-unrivaled-beachfront-privacy.md","2026-10-02","https://regalheights.co.uk/posts/why-palm-jebel-ali-villas-offer-unrivaled-beachfront-privacy/"
"winter-2026-ultimate-guide-london-corporate-stays.md","2026-10-21","https://regalheights.co.uk/posts/winter-2026-ultimate-guide-london-corporate-stays/"
"zero-tax-maximum-yield-financial-case-dubai-real-estate.md","2026-11-25","https://regalheights.co.uk/posts/zero-tax-maximum-yield-financial-case-dubai-real-estate/"
